store_id,name,base_url,primary_category,coverage_categories,store_type,public_price_status,online_purchase,priority,verification_confidence,registry_status,integration_difficulty,current_mapping_count,ready_mapping_count,file_link_status,active
EG-001,Orange Egypt Online Shop,https://shop.orange.eg/en,الاتصالات والأجهزة,الاتصالات والأجهزة,شركة اتصالات,ظاهر علنًا,نعم,P0,A,نشط,متوسطة,0,0,بانتظار اكتشاف روابط المنتجات,True
EG-002,Vodafone Egypt E-Shop,https://eshop.vodafone.com.eg/en/list,الاتصالات والأجهزة,الاتصالات والأجهزة,شركة اتصالات,ظاهر علنًا,نعم,P0,A,نشط,متوسطة,0,0,بانتظار اكتشاف روابط المنتجات,True
EG-003,Homzmart Appliances,https://homzmart.com/en/c/appliances,الأثاث والمنزل,الأثاث والمنزل,سوق إلكتروني / سوق إلكتروني متخصص,ظاهر علنًا,نعم,P0,A,نشط,متوسطة,0,0,بانتظار اكتشاف روابط المنتجات,True
EG-004,Abdulaziz Stores,https://www.abdulaziz-stores.com/en,الأجهزة المنزلية,الأجهزة المنزلية,سلسلة,ظاهر علنًا,نعم,P0,A,نشط,متوسطة,0,0,بانتظار اكتشاف روابط المنتجات,True
EG-005,Cairo Sales,https://cairosales.com/en,الأجهزة المنزلية,الأجهزة المنزلية,سلسلة متخصصة,ظاهر علنًا,نعم,P0,A,نشط,متوسطة,0,0,بانتظار اكتشاف روابط المنتجات,True
EG-006,EHAB Center,https://ehabcenter.com/,الأجهزة المنزلية,الأجهزة المنزلية,سلسلة,ظاهر علنًا,نعم,P0,A,نشط,متوسطة,0,0,بانتظار اكتشاف روابط المنتجات,True
EG-007,ELARABY Group Shop,https://www.elarabygroup.com/en/electric-home-appliances,الأجهزة المنزلية,الأجهزة المنزلية,علامة مباشرة/سلسلة,ظاهر علنًا,نعم,P0,A,نشط,متوسطة,0,0,بانتظار اكتشاف روابط المنتجات,True
EG-008,Fresh,https://fresh.com.eg/en,الأجهزة المنزلية,الأجهزة المنزلية,علامة مباشرة/سلسلة,ظاهر علنًا,نعم,P0,A,نشط,متوسطة,0,0,بانتظار اكتشاف روابط المنتجات,True
EG-009,Raneen,https://www.raneen.com/en,الأجهزة المنزلية,الأجهزة المنزلية,سلسلة/سوق إلكتروني,ظاهر علنًا,نعم,P0,A,نشط,متوسطة,0,0,بانتظار اكتشاف روابط المنتجات,True
EG-010,Hedeya,https://hedeya.com/,الأطفال والأمومة,الأطفال والأمومة,سلسلة متخصصة,ظاهر علنًا,نعم,P0,A,نشط,متوسطة,25,25,مربوط بمنتجات,True
EG-011,OurKids,https://shop-ourkids.com/,الأطفال والأمومة,الأطفال والأمومة,سلسلة متخصصة,ظاهر علنًا,نعم,P0,A,نشط,متوسطة,20,20,مربوط بمنتجات,True
EG-012,Games 2 Egypt,https://www.games2egypt.com/,الألعاب والكمبيوتر,الألعاب والكمبيوتر,سلسلة متخصصة,ظاهر علنًا,نعم,P0,A,نشط,متوسطة,95,95,مربوط بمنتجات,True
EG-013,B.TECH,https://btech.com/en,الإلكترونيات والأجهزة,الإلكترونيات والأجهزة,سلسلة,ظاهر علنًا,نعم,P0,A,نشط,متوسطة,1159,266,مربوط بمنتجات,True
EG-014,LG Egypt,https://www.lg.com/eg_en,الإلكترونيات والأجهزة,الإلكترونيات والأجهزة,علامة مباشرة/سلسلة,ظاهر؛ بعض عروض الأعضاء,نعم,P0,B,نشط,متوسطة,0,0,بانتظار اكتشاف روابط المنتجات,True
EG-015,Raya Shop,https://www.rayashop.com/en,الإلكترونيات والأجهزة,الإلكترونيات والأجهزة,سلسلة,ظاهر علنًا,نعم,P0,A,نشط,متوسطة,0,0,بانتظار اكتشاف روابط المنتجات,True
EG-016,Rizkalla,https://riz.shop/en,الإلكترونيات والأجهزة,الإلكترونيات والأجهزة,سلسلة,ظاهر علنًا,نعم,P0,A,نشط,متوسطة,0,0,بانتظار اكتشاف روابط المنتجات,True
EG-017,Samsung Egypt,https://www.samsung.com/eg,الإلكترونيات والأجهزة,الإلكترونيات والأجهزة,علامة مباشرة/سلسلة,ظاهر في صفحات الشراء؛ بعض عروض الأعضاء,نعم,P0,B,نشط,متوسطة,38,10,مربوط بمنتجات,True
EG-018,Sharaf DG Egypt,https://egypt.sharafdg.com/,الإلكترونيات والأجهزة,الإلكترونيات والأجهزة,سلسلة,ظاهر علنًا,نعم,P0,A,نشط,متوسطة,0,0,بانتظار اكتشاف روابط المنتجات,True
EG-019,Breadfast,https://www.breadfast.com/en,البقالة والهايبرماركت,البقالة والهايبرماركت,تطبيق توصيل سريع,داخل التطبيق فقط,عبر التطبيق,P0,B,نشط,مرتفعة,0,0,بانتظار اكتشاف روابط المنتجات,True
EG-020,Gourmet Egypt,https://gourmetegypt.com/,البقالة والهايبرماركت,البقالة والهايبرماركت,سلسلة متخصصة,ظاهر علنًا,نعم,P0,A,نشط,متوسطة,0,0,بانتظار اكتشاف روابط المنتجات,True
EG-021,HyperOne,https://www.hyperone.com.eg/en,البقالة والهايبرماركت,البقالة والهايبرماركت,هايبرماركت/سلسلة,ظاهر علنًا,نعم,P0,A,نشط,متوسطة,0,0,بانتظار اكتشاف روابط المنتجات,True
EG-022,InstaShop Egypt,https://instashop.com/,البقالة والهايبرماركت,البقالة والهايبرماركت,سوق إلكتروني/تطبيق,داخل التطبيق فقط,عبر التطبيق,P0,B,نشط,مرتفعة,0,0,بانتظار اكتشاف روابط المنتجات,True
EG-023,Metro Markets,https://www.metro-markets.com/,البقالة والهايبرماركت,البقالة والهايبرماركت,سوبرماركت/سلسلة,ظاهر علنًا,نعم,P0,A,نشط,متوسطة,0,0,بانتظار اكتشاف روابط المنتجات,True
EG-024,Rabbit,https://www.rabbitmart.com/,البقالة والهايبرماركت,البقالة والهايبرماركت,تطبيق توصيل سريع,داخل التطبيق فقط,عبر التطبيق,P0,B,نشط,مرتفعة,0,0,بانتظار اكتشاف روابط المنتجات,True
EG-025,Seoudi Supermarket,https://seoudisupermarket.com/en/select-store,البقالة والهايبرماركت,البقالة والهايبرماركت,سوبرماركت/سلسلة,يتطلب موقعًا/دخولًا,حسب الموقع,P0,B,نشط,متوسطة,0,0,بانتظار اكتشاف روابط المنتجات,True
EG-026,Spinneys Egypt,https://spinneys-egypt.com/en,البقالة والهايبرماركت,البقالة والهايبرماركت,سوبرماركت/سلسلة,ظاهر علنًا,نعم,P0,A,نشط,متوسطة,0,0,بانتظار اكتشاف روابط المنتجات,True
EG-027,Talabat Mart Egypt,https://www.talabat.com/egypt/talabat-mart/categories,البقالة والهايبرماركت,البقالة والهايبرماركت,سوق إلكتروني/تطبيق,يتطلب موقعًا/دخولًا,حسب الموقع,P0,B,نشط,متوسطة,0,0,بانتظار اكتشاف روابط المنتجات,True
EG-028,Faces Egypt,https://www.faces.eg/en,الجمال والعناية,الجمال والعناية,سلسلة متخصصة,ظاهر علنًا,نعم,P0,A,نشط,متوسطة,0,0,بانتظار اكتشاف روابط المنتجات,True
EG-029,Feel22 Egypt,https://eg.feel22.com/,الجمال والعناية,الجمال والعناية,متجر متخصص,ظاهر علنًا,نعم,P0,A,نشط,متوسطة,0,0,بانتظار اكتشاف روابط المنتجات,True
EG-030,Mazaya,https://mazaya.eg/en,الجمال والعناية,الجمال والعناية,سلسلة متخصصة,ظاهر علنًا,نعم,P0,A,نشط,متوسطة,0,0,بانتظار اكتشاف روابط المنتجات,True
EG-031,Source Beauty,https://sourcebeauty.com/,الجمال والعناية,الجمال والعناية,متجر متخصص,ظاهر علنًا,نعم,P0,A,نشط,متوسطة,0,0,بانتظار اكتشاف روابط المنتجات,True
EG-032,Activ Abou Alaa,https://activaboualaa.com/,الرياضة,الرياضة,سلسلة متخصصة,ظاهر علنًا,نعم,P0,A,نشط,متوسطة,0,0,بانتظار اكتشاف روابط المنتجات,True
EG-033,Decathlon Egypt,https://www.decathlon.eg/en,الرياضة,الرياضة,سلسلة متخصصة,ظاهر علنًا,نعم,P0,A,نشط,متوسطة,0,0,بانتظار اكتشاف روابط المنتجات,True
EG-034,GO Sport Egypt,https://eg.gosportme.com/,الرياضة,الرياضة,سلسلة متخصصة,ظاهر علنًا,نعم,P0,A,نشط,متوسطة,0,0,بانتظار اكتشاف روابط المنتجات,True
EG-035,INTERSPORT Egypt,https://www.intersport.com.eg/,الرياضة,الرياضة,سلسلة متخصصة,ظاهر علنًا,نعم,P0,A,نشط,متوسطة,0,0,بانتظار اكتشاف روابط المنتجات,True
EG-036,Sports Mall Egypt,https://sportsmallegypt.com/,الرياضة,الرياضة,سلسلة متخصصة,ظاهر علنًا,نعم,P0,A,نشط,متوسطة,0,0,بانتظار اكتشاف روابط المنتجات,True
EG-037,WayUp Sports,https://wayupsports.com/,الرياضة,الرياضة,سلسلة متخصصة,ظاهر علنًا,نعم,P0,A,نشط,متوسطة,0,0,بانتظار اكتشاف روابط المنتجات,True
EG-038,Chefaa,https://chefaa.com/eg-en,الصيدليات والصحة,الصيدليات والصحة,سوق إلكتروني/تطبيق,يتطلب موقعًا/دخولًا,حسب الموقع,P0,B,نشط,متوسطة,0,0,بانتظار اكتشاف روابط المنتجات,True
EG-039,Delmar & Attalla,https://www.delmar-attalla.com/,الصيدليات والصحة,الصيدليات والصحة,سلسلة صيدليات,ظاهر علنًا,نعم,P0,A,نشط,متوسطة,0,0,بانتظار اكتشاف روابط المنتجات,True
EG-040,El Ezaby Pharmacies,https://elezabypharmacy.com/,الصيدليات والصحة,الصيدليات والصحة,سلسلة صيدليات/تطبيق,داخل التطبيق فقط,عبر التطبيق,P0,B,نشط,مرتفعة,0,0,بانتظار اكتشاف روابط المنتجات,True
EG-041,Misr Pharmacies,https://misrpharmacies.com/,الصيدليات والصحة,الصيدليات والصحة,سلسلة صيدليات/تطبيق,داخل التطبيق فقط,عبر التطبيق,P0,B,نشط,مرتفعة,0,0,بانتظار اكتشاف روابط المنتجات,True
EG-042,Seif Pharmacies,https://seif-online.com/en,الصيدليات والصحة,الصيدليات والصحة,سلسلة صيدليات,ظاهر علنًا,نعم,P0,A,نشط,متوسطة,0,0,بانتظار اكتشاف روابط المنتجات,True
EG-043,Vezeeta Pharmacy,https://www.vezeeta.com/en-eg/pharmacy,الصيدليات والصحة,الصيدليات والصحة,سوق إلكتروني/تطبيق,يتطلب موقعًا/دخولًا,حسب الموقع,P0,B,نشط,متوسطة,0,0,بانتظار اكتشاف روابط المنتجات,True
EG-044,Yodawy,https://yodawy.com/,الصيدليات والصحة,الصيدليات والصحة,سوق إلكتروني/تطبيق,داخل التطبيق فقط,عبر التطبيق,P0,B,نشط,مرتفعة,0,0,بانتظار اكتشاف روابط المنتجات,True
EG-045,2B Egypt,https://2b.com.eg/en,الكمبيوتر واللابتوب,الكمبيوتر واللابتوب,سلسلة,ظاهر؛ قد يحجب بعض أدوات الفهرسة,نعم,P0,B,نشط,متوسطة,0,0,بانتظار اكتشاف روابط المنتجات,True
EG-046,Sigma Computer,https://www.sigma-computer.com/en,الكمبيوتر واللابتوب,الكمبيوتر واللابتوب,سلسلة متخصصة,ظاهر علنًا,نعم,P0,A,نشط,متوسطة,0,0,بانتظار اكتشاف روابط المنتجات,True
EG-047,Dream 2000,https://dream2000.com/en,الموبايلات والتابلت,الموبايلات والتابلت,سلسلة,ظاهر علنًا,نعم,P0,A,نشط,متوسطة,0,0,بانتظار اكتشاف روابط المنتجات,True
EG-048,Dubai Phone,https://www.dubaiphone.net/,الموبايلات والتابلت,الموبايلات والتابلت,سلسلة متخصصة,ظاهر علنًا,نعم,P0,A,نشط,متوسطة,0,0,بانتظار اكتشاف روابط المنتجات,True
EG-049,XPRS,https://myxprs.com/collections/mobile-phones-egypt,الموبايلات والتابلت,الموبايلات والتابلت,سلسلة متخصصة,ظاهر علنًا,نعم,P0,A,نشط,متوسطة,0,0,بانتظار اكتشاف روابط المنتجات,True
EG-050,Amazon Egypt,https://www.amazon.eg/-/en,سوق إلكتروني عام,سوق إلكتروني عام,سوق إلكتروني,ظاهر علنًا,نعم,P0,A,نشط,منخفضة-متوسطة,18,18,مربوط بمنتجات,True
EG-051,Carrefour Egypt,https://www.carrefouregypt.com/mafegy/en,سوق إلكتروني عام,سوق إلكتروني عام، البقالة والهايبرماركت,سوق إلكتروني/سلسلة / هايبرماركت/سلسلة,ظاهر علنًا,نعم,P0,A,نشط,متوسطة,0,0,بانتظار اكتشاف روابط المنتجات,True
EG-052,Jumia Egypt,https://www.jumia.com.eg/,سوق إلكتروني عام,سوق إلكتروني عام,سوق إلكتروني,ظاهر علنًا,نعم,P0,A,نشط,منخفضة-متوسطة,0,0,بانتظار اكتشاف روابط المنتجات,True
EG-053,Noon Egypt,https://www.noon.com/egypt-en,سوق إلكتروني عام,سوق إلكتروني عام، البقالة والهايبرماركت,سوق إلكتروني / تطبيق توصيل سريع,ظاهر علنًا,نعم,P0,A,نشط,منخفضة-متوسطة,2,2,مربوط بمنتجات,True
EG-054,Foot Locker Egypt,https://www.footlocker.com.eg/en,موضة وأحذية,موضة وأحذية,سلسلة متخصصة,ظاهر علنًا,نعم,P0,A,نشط,متوسطة,0,0,بانتظار اكتشاف روابط المنتجات,True
EG-055,FRG Store,https://www.frg.store/,موضة وأحذية,موضة وأحذية,سلسلة متخصصة,ظاهر علنًا,نعم,P0,A,نشط,متوسطة,0,0,بانتظار اكتشاف روابط المنتجات,True
EG-056,e& Egypt E-Shop,https://www.eand.com.eg/eshop2,الاتصالات والأجهزة,الاتصالات والأجهزة,شركة اتصالات,ظاهر علنًا,نعم,P1,A,نشط,متوسطة,0,0,بانتظار اكتشاف روابط المنتجات,True
EG-057,WE Devices,https://te.eg/en/personal/devices,الاتصالات والأجهزة,الاتصالات والأجهزة,شركة اتصالات,ظاهر علنًا,غير مؤكد,P1,B,نشط,متوسطة,0,0,بانتظار اكتشاف روابط المنتجات,True
EG-058,Home Centre Egypt,https://www.homecentre.com/eg/en,الأثاث والمنزل,الأثاث والمنزل,سلسلة متعددة الأقسام,ظاهر بعد تحديد منطقة التوصيل,نعم,P1,A,نشط,متوسطة,0,0,بانتظار اكتشاف روابط المنتجات,True
EG-059,HUB Furniture,https://hubfurniture.com.eg/,الأثاث والمنزل,الأثاث والمنزل,سلسلة متخصصة,ظاهر علنًا,نعم,P1,A,نشط,متوسطة,0,0,بانتظار اكتشاف روابط المنتجات,True
EG-060,IKEA Egypt,https://www.ikea.com/eg/en,الأثاث والمنزل,الأثاث والمنزل,علامة مباشرة/سلسلة,ظاهر علنًا,نعم,P1,A,نشط,متوسطة,312,0,مربوط بمنتجات,True
EG-061,Kabbani Furniture,https://www.kabbanifurniture.com/en,الأثاث والمنزل,الأثاث والمنزل,سلسلة متخصصة,ظاهر علنًا,نعم,P1,A,نشط,متوسطة,0,0,بانتظار اكتشاف روابط المنتجات,True
EG-062,Manzzeli,https://manzzeli.com/,الأثاث والمنزل,الأثاث والمنزل,بوابة/سوق إلكتروني,ظاهر علنًا,نعم,P1,A,نشط,متوسطة,0,0,بانتظار اكتشاف روابط المنتجات,True
EG-063,Mintra,https://mintra.eg/,الأثاث والمنزل,موضة وأحذية، الأثاث والمنزل,علامة مباشرة/سلسلة,ظاهر علنًا,نعم,P1,A,نشط,متوسطة,402,402,مربوط بمنتجات,True
EG-064,Smart Furniture,https://smartfurniture.com.eg/,الأثاث والمنزل,الأثاث والمنزل,سلسلة متخصصة,ظاهر علنًا,نعم,P1,A,نشط,متوسطة,0,0,بانتظار اكتشاف روابط المنتجات,True
EG-065,Ahmed El Sallab,https://www.ahmedelsallab.com/en/home-appliances.html,الأجهزة المنزلية,الأجهزة المنزلية، التشطيب ومواد البناء,سلسلة / سلسلة متخصصة,ظاهر علنًا,نعم,P1,A,نشط,متوسطة,0,0,بانتظار اكتشاف روابط المنتجات,True
EG-066,ALABIAD,https://allabiad.com/en,الأجهزة المنزلية,الأجهزة المنزلية,متجر متخصص,ظاهر علنًا,نعم,P1,A,نشط,متوسطة,0,0,بانتظار اكتشاف روابط المنتجات,True
EG-067,Bosch Home Egypt,https://www.bosch-home.com/eg/en/shop,الأجهزة المنزلية,الأجهزة المنزلية,علامة مباشرة,ظاهر علنًا,نعم,P1,A,نشط,متوسطة,0,0,بانتظار اكتشاف روابط المنتجات,True
EG-068,Bouri Center,https://bouri.com/,الأجهزة المنزلية,الأجهزة المنزلية,سلسلة متخصصة,ظاهر علنًا,نعم,P1,A,نشط,متوسطة,0,0,بانتظار اكتشاف روابط المنتجات,True
EG-069,CairoCart,https://cairocart.com/,الأجهزة المنزلية,الأجهزة المنزلية,متجر متخصص,ظاهر علنًا,نعم,P1,A,نشط,متوسطة,0,0,بانتظار اكتشاف روابط المنتجات,True
EG-070,Electrostar,https://electrostar.com.eg/en,الأجهزة المنزلية,الأجهزة المنزلية,علامة مباشرة,ظاهر علنًا,نعم,P1,A,نشط,متوسطة,0,0,بانتظار اكتشاف روابط المنتجات,True
EG-071,ElSindbad Store,https://elsindbadstore.com/en,الأجهزة المنزلية,الأجهزة المنزلية,سلسلة إقليمية,ظاهر علنًا,نعم,P1,A,نشط,متوسطة,0,0,بانتظار اكتشاف روابط المنتجات,True
EG-072,Midea Egypt,https://www.midea.com/eg,الأجهزة المنزلية,الأجهزة المنزلية,علامة مباشرة,ظاهر حسب المنتج,نعم,P1,B,نشط,متوسطة,0,0,بانتظار اكتشاف روابط المنتجات,True
EG-073,Sakr Store,https://sakrstore.com/en,الأجهزة المنزلية,الأجهزة المنزلية,سلسلة إقليمية,ظاهر علنًا,نعم,P1,A,نشط,متوسطة,0,0,بانتظار اكتشاف روابط المنتجات,True
EG-074,Shaheen Egypt,https://shaheeneg.com/,الأجهزة المنزلية,الأجهزة المنزلية,متجر متخصص,ظاهر علنًا,نعم,P1,A,نشط,متوسطة,0,0,بانتظار اكتشاف روابط المنتجات,True
EG-075,Unionaire,https://unionaire.com/,الأجهزة المنزلية,الأجهزة المنزلية,علامة مباشرة,ظاهر علنًا,نعم,P1,A,نشط,متوسطة,0,0,بانتظار اكتشاف روابط المنتجات,True
EG-076,UStores,https://ustoreseg.com/,الأجهزة المنزلية,الأجهزة المنزلية,سلسلة,ظاهر علنًا,نعم,P1,A,نشط,متوسطة,0,0,بانتظار اكتشاف روابط المنتجات,True
EG-077,Wazen,https://wazen.eg/,الأجهزة المنزلية,الأجهزة المنزلية,سلسلة إقليمية,ظاهر علنًا,نعم,P1,A,نشط,متوسطة,0,0,بانتظار اكتشاف روابط المنتجات,True
EG-078,White Point El Abd,https://whitepointelabd.com/,الأجهزة المنزلية,الأجهزة المنزلية,علامة مباشرة,ظاهر علنًا,نعم,P1,A,نشط,متوسطة,0,0,بانتظار اكتشاف روابط المنتجات,True
EG-079,Zahran Stores,https://www.zahranstores.com/en,الأجهزة المنزلية,الأجهزة المنزلية,سلسلة,ظاهر علنًا,نعم,P1,A,نشط,متوسطة,221,0,مربوط بمنتجات,True
EG-080,Zanussi Egypt,https://www.zanussi.com.eg/en/online-order,الأجهزة المنزلية,الأجهزة المنزلية,علامة مباشرة/سلسلة,ظاهر علنًا,نعم,P1,A,نشط,متوسطة,0,0,بانتظار اكتشاف روابط المنتجات,True
EG-081,Bingo,https://www.bingo.eg/,الأطفال والألعاب,الأطفال والأمومة، الألعاب والهوايات,سلسلة متخصصة / سلسلة/متجر متخصص,ظاهر علنًا,نعم,P1,A,نشط,متوسطة,0,0,بانتظار اكتشاف روابط المنتجات,True
EG-082,Toy & Joy,https://toyandjoy.com/,الأطفال والأمومة,الأطفال والأمومة,متجر متخصص/تطبيق,ظاهر علنًا,نعم,P1,A,نشط,متوسطة,0,0,بانتظار اكتشاف روابط المنتجات,True
EG-083,Games World Egypt,https://www.gamesworldegypt.com/,الألعاب والكمبيوتر,الألعاب والكمبيوتر,سلسلة متخصصة,ظاهر علنًا,نعم,P1,A,نشط,متوسطة,0,0,بانتظار اكتشاف روابط المنتجات,True
EG-084,Shamy Stores,https://shamystores.com/,الألعاب والكمبيوتر,الألعاب والكمبيوتر,سلسلة متخصصة,ظاهر علنًا,نعم,P1,A,نشط,متوسطة,2,2,مربوط بمنتجات,True
EG-085,JAC Egypt,https://jac-eg.com/,الإلكترونيات والأجهزة,الإلكترونيات والأجهزة,علامة مباشرة,ظاهر علنًا,نعم,P1,A,نشط,متوسطة,0,0,بانتظار اكتشاف روابط المنتجات,True
EG-086,Kimo Store,https://kimostore.net/,الإلكترونيات والأجهزة,الإلكترونيات والأجهزة,متجر متخصص,ظاهر علنًا,نعم,P1,A,نشط,متوسطة,0,0,بانتظار اكتشاف روابط المنتجات,True
EG-087,Miami Centers,https://miamicenters.com/,الإلكترونيات والأجهزة,الإلكترونيات والأجهزة,سلسلة,ظاهر علنًا,نعم,P1,A,نشط,متوسطة,0,0,بانتظار اكتشاف روابط المنتجات,True
EG-088,Mobilaty,https://www.mobilaty.com/en,الإلكترونيات والأجهزة,الإلكترونيات والأجهزة,سلسلة متخصصة,ظاهر علنًا,نعم,P1,A,نشط,متوسطة,0,0,بانتظار اكتشاف روابط المنتجات,True
EG-089,More Electronics,https://moreelectronicss.com/en/home,الإلكترونيات والأجهزة,الإلكترونيات والأجهزة,متجر متخصص,ظاهر علنًا,نعم,P1,A,نشط,متوسطة,0,0,بانتظار اكتشاف روابط المنتجات,True
EG-090,Technology Valley,https://tv-it.com/,الإلكترونيات والأجهزة,الإلكترونيات والأجهزة,سلسلة,ظاهر علنًا,نعم,P1,A,نشط,متوسطة,0,0,بانتظار اكتشاف روابط المنتجات,True
EG-091,Awlad Ragab,https://www.awladragab.com/en,البقالة والهايبرماركت,البقالة والهايبرماركت,سوبرماركت/تطبيق,كتالوج فقط,عبر التطبيق,P1,B,نشط,مرتفعة,0,0,بانتظار اكتشاف روابط المنتجات,True
EG-092,Fathalla Market,https://fathallamarket.com.eg/,البقالة والهايبرماركت,البقالة والهايبرماركت,هايبرماركت/تطبيق,داخل التطبيق فقط,عبر التطبيق,P1,B,نشط,مرتفعة,0,0,بانتظار اكتشاف روابط المنتجات,True
EG-093,Oscar Grand Stores,https://www.oscarstores.com/,البقالة والهايبرماركت,البقالة والهايبرماركت,سوبرماركت/تطبيق,داخل التطبيق فقط,عبر التطبيق,P1,B,نشط,مرتفعة,0,0,بانتظار اكتشاف روابط المنتجات,True
EG-094,Abdelaziz El Sallab,https://azizsallab.com/,التشطيب ومواد البناء,التشطيب ومواد البناء,سلسلة متخصصة,ظاهر/جزئي,نعم,P1,B,نشط,متوسطة,0,0,بانتظار اكتشاف روابط المنتجات,True
EG-095,Bnaia,https://bnaia.com/en,التشطيب ومواد البناء,التشطيب ومواد البناء,سوق إلكتروني/تطبيق,تطبيق أو طلب عرض/جزئي,نعم/طلب عرض,P1,B,نشط,مرتفعة,0,0,بانتظار اكتشاف روابط المنتجات,True
EG-096,Mostafa El Sallab,https://elsallab.com/,التشطيب ومواد البناء,التشطيب ومواد البناء,سلسلة متخصصة,ظاهر علنًا,نعم,P1,A,نشط,متوسطة,0,0,بانتظار اكتشاف روابط المنتجات,True
EG-097,Bath & Body Works Egypt,https://www.bathandbodyworks.com.eg/en,الجمال والعناية,الجمال والعناية,علامة مباشرة/سلسلة,ظاهر علنًا,نعم,P1,A,نشط,متوسطة,0,0,بانتظار اكتشاف روابط المنتجات,True
EG-098,Beauty Shop Egypt,https://beautyshopeg.com/,الجمال والعناية,الجمال والعناية,متجر متخصص,ظاهر علنًا,نعم,P1,A,نشط,متوسطة,0,0,بانتظار اكتشاف روابط المنتجات,True
EG-099,EVA Shop,https://www.shop.eva-cosmetics.com/,الجمال والعناية,الجمال والعناية,علامة مباشرة,ظاهر علنًا,نعم,P1,A,نشط,متوسطة,0,0,بانتظار اكتشاف روابط المنتجات,True
EG-100,Glow Egypt,https://glowegypt.com/,الجمال والعناية,الجمال والعناية,متجر متخصص,ظاهر علنًا,نعم,P1,A,نشط,متوسطة,0,0,بانتظار اكتشاف روابط المنتجات,True
EG-101,Joviality,https://joviality-eg.com/,الجمال والعناية,الجمال والعناية,علامة مباشرة,ظاهر علنًا,نعم,P1,A,نشط,متوسطة,0,0,بانتظار اكتشاف روابط المنتجات,True
EG-102,lo.la Egypt,https://eg.lolabeauty.com/,الجمال والعناية,الجمال والعناية,متجر متخصص,ظاهر علنًا,نعم,P1,A,نشط,متوسطة,0,0,بانتظار اكتشاف روابط المنتجات,True
EG-103,Luna Cosmetics,https://luna.com.eg/,الجمال والعناية,الجمال والعناية,علامة مباشرة,ظاهر علنًا,نعم,P1,A,نشط,متوسطة,0,0,بانتظار اكتشاف روابط المنتجات,True
EG-104,Zynah,https://zynah.me/,الجمال والعناية,الجمال والعناية,متجر متخصص,ظاهر علنًا,نعم,P1,A,نشط,متوسطة,0,0,بانتظار اكتشاف روابط المنتجات,True
EG-105,OSCAR Pet Shop,https://oscarpetshop.com/,الحيوانات الأليفة,الحيوانات الأليفة,متجر متخصص,ظاهر علنًا,نعم,P1,A,نشط,متوسطة,0,0,بانتظار اكتشاف روابط المنتجات,True
EG-106,PetsEgypt,https://petsegypt.com/,الحيوانات الأليفة,الحيوانات الأليفة,متجر متخصص,ظاهر علنًا,نعم,P1,A,نشط,متوسطة,0,0,بانتظار اكتشاف روابط المنتجات,True
EG-107,Shell Egypt Fitness,https://www.shellegypt.com/home-gym-equipment-shop,الدراجات والرياضة,الرياضة، الدراجات والرياضة,متجر متخصص,ظاهر علنًا,نعم,P1,A,نشط,متوسطة,0,0,بانتظار اكتشاف روابط المنتجات,True
EG-108,adidas Egypt,https://www.adidas.com.eg/en,الرياضة,الرياضة,علامة مباشرة/سلسلة,ظاهر علنًا,نعم,P1,A,نشط,متوسطة,0,0,بانتظار اكتشاف روابط المنتجات,True
EG-109,Champions Store,https://champions-store.com/,الرياضة,الرياضة,متجر متخصص,ظاهر علنًا,نعم,P1,A,نشط,متوسطة,0,0,بانتظار اكتشاف روابط المنتجات,True
EG-110,PUMA Egypt,https://eg.puma.com/en-eg,الرياضة,الرياضة,علامة مباشرة/سلسلة,ظاهر علنًا,نعم,P1,A,نشط,متوسطة,0,0,بانتظار اكتشاف روابط المنتجات,True
EG-111,RA Sport,https://rasport.store/,الرياضة,الرياضة,سلسلة متخصصة,ظاهر علنًا,نعم,P1,A,نشط,متوسطة,0,0,بانتظار اكتشاف روابط المنتجات,True
EG-112,Fit&Fix,https://www.fitandfix.com/,السيارات وقطع الغيار,السيارات وقطع الغيار,سلسلة ومراكز خدمة,ظاهر/يعتمد على المقاس أو السيارة,نعم,P1,A,نشط,متوسطة,0,0,بانتظار اكتشاف روابط المنتجات,True
EG-113,N Auto Express,https://nautoexpress.com/,السيارات وقطع الغيار,السيارات وقطع الغيار,متجر متخصص,ظاهر علنًا,نعم,P1,A,نشط,متوسطة,0,0,بانتظار اكتشاف روابط المنتجات,True
EG-114,Nacita Auto Care,https://nacitaautocare.com/,السيارات وقطع الغيار,السيارات وقطع الغيار,سلسلة ومراكز خدمة,ظاهر علنًا,نعم,P1,A,نشط,متوسطة,0,0,بانتظار اكتشاف روابط المنتجات,True
EG-115,Tawfiqia,https://www.tawfiqia.com/,السيارات وقطع الغيار,السيارات وقطع الغيار,سوق إلكتروني متخصص,ظاهر علنًا,نعم,P1,A,نشط,متوسطة,0,0,بانتظار اكتشاف روابط المنتجات,True
EG-116,YourParts,https://www.yourparts.com/,السيارات وقطع الغيار,السيارات وقطع الغيار,متجر متخصص,ظاهر علنًا,نعم,P1,A,نشط,متوسطة,0,0,بانتظار اكتشاف روابط المنتجات,True
EG-117,Bloom Pharmacy,https://www.bloompharmacy.com/,الصيدليات والصحة,الصيدليات والصحة,صيدلية/متجر متخصص,ظاهر علنًا,نعم,P1,A,نشط,متوسطة,0,0,بانتظار اكتشاف روابط المنتجات,True
EG-118,Aseer Alkotb,https://www.aseeralkotb.com/en,الكتب والقرطاسية,الكتب والقرطاسية,ناشر/سلسلة متخصصة,ظاهر/جزئي,نعم,P1,B,نشط,متوسطة,0,0,بانتظار اكتشاف روابط المنتجات,True
EG-119,Diwan Bookstore,https://diwanegypt.com/,الكتب والقرطاسية,الكتب والقرطاسية,سلسلة متخصصة,ظاهر علنًا,نعم,P1,A,نشط,متوسطة,0,0,بانتظار اكتشاف روابط المنتجات,True
EG-120,Samir & Aly,https://samirandaly.com/en,الكتب والقرطاسية,الكتب والقرطاسية,سلسلة متخصصة,كتالوج/سعر غير مكتمل التحقق,نعم/جزئي,P1,B,نشط,مرتفعة,0,0,بانتظار اكتشاف روابط المنتجات,True
EG-121,Shorouk Bookstores,https://www.shoroukbookstores.com/,الكتب والقرطاسية,الكتب والقرطاسية,سلسلة متخصصة,كتالوج/سعر غير مكتمل التحقق,نعم/جزئي,P1,B,نشط,مرتفعة,0,0,بانتظار اكتشاف روابط المنتجات,True
EG-122,Alfrensia,https://alfrensia.com/en/shop,الكمبيوتر واللابتوب,الكمبيوتر واللابتوب,متجر متخصص,ظاهر علنًا,نعم,P1,A,نشط,متوسطة,0,0,بانتظار اكتشاف روابط المنتجات,True
EG-123,Baraka Computer,https://barakacomputer.net/,الكمبيوتر واللابتوب,الكمبيوتر واللابتوب,متجر متخصص,ظاهر علنًا,نعم,P1,A,نشط,متوسطة,0,0,بانتظار اكتشاف روابط المنتجات,True
EG-124,Compumarts,https://www.compumarts.com/,الكمبيوتر واللابتوب,الكمبيوتر واللابتوب,سلسلة متخصصة,ظاهر علنًا,نعم,P1,A,نشط,متوسطة,25,25,مربوط بمنتجات,True
EG-125,ECC,https://ecc-alex.com/,الكمبيوتر واللابتوب,الكمبيوتر واللابتوب,سلسلة متخصصة,ظاهر علنًا,نعم,P1,A,نشط,متوسطة,0,0,بانتظار اكتشاف روابط المنتجات,True
EG-126,Egypt Laptop,https://egyptlaptop.com/,الكمبيوتر واللابتوب,الكمبيوتر واللابتوب,متجر متخصص,ظاهر علنًا,نعم,P1,A,نشط,متوسطة,0,0,بانتظار اكتشاف روابط المنتجات,True
EG-127,ElBadr Group,https://elbadrgroupeg.store/,الكمبيوتر واللابتوب,الكمبيوتر واللابتوب,متجر متخصص,ظاهر علنًا,نعم,P1,A,نشط,متوسطة,12,12,مربوط بمنتجات,True
EG-128,Elnekhely Technology,https://www.elnekhelytechnology.com/,الكمبيوتر واللابتوب,الكمبيوتر واللابتوب,سلسلة متخصصة,ظاهر علنًا,نعم,P1,A,نشط,متوسطة,0,0,بانتظار اكتشاف روابط المنتجات,True
EG-129,Maximum Hardware,https://maximumhardware.store/,الكمبيوتر واللابتوب,الكمبيوتر واللابتوب,متجر متخصص,ظاهر علنًا,نعم,P1,A,نشط,متوسطة,0,0,بانتظار اكتشاف روابط المنتجات,True
EG-130,Quality Egypt,https://www.qualityeg.com/,الكمبيوتر واللابتوب,الكمبيوتر واللابتوب,متجر متخصص,ظاهر علنًا,نعم,P1,A,نشط,متوسطة,0,0,بانتظار اكتشاف روابط المنتجات,True
EG-131,MobileMasr,https://mobilemasr.com/en,الموبايلات والتابلت,الموبايلات والتابلت,سوق متخصص,ظاهر علنًا,نعم,P1,A,نشط,متوسطة,0,0,بانتظار اكتشاف روابط المنتجات,True
EG-132,Tradeline Stores,https://www.tradelinestores.com/,الموبايلات والتابلت,الموبايلات والتابلت,موزع معتمد/سلسلة,ظاهر علنًا,نعم,P1,A,نشط,متوسطة,0,0,بانتظار اكتشاف روابط المنتجات,True
EG-133,ALDO Egypt,https://aldoshoes.com.eg/,موضة وأحذية,موضة وأحذية,علامة مباشرة/سلسلة,ظاهر علنًا,نعم,P1,A,نشط,متوسطة,0,0,بانتظار اكتشاف روابط المنتجات,True
EG-134,Bershka Egypt,https://www.bershka.com/eg,موضة وأحذية,موضة وأحذية,علامة مباشرة/سلسلة,ظاهر علنًا,نعم,P1,A,نشط,متوسطة,0,0,بانتظار اكتشاف روابط المنتجات,True
EG-135,Concrete,https://concrete.store/?default_lang=en,موضة وأحذية,موضة وأحذية,علامة مباشرة/سلسلة,ظاهر علنًا,نعم,P1,A,نشط,متوسطة,0,0,بانتظار اكتشاف روابط المنتجات,True
EG-136,Cottonil Online,https://www.cottonilonline.com/,موضة وأحذية,موضة وأحذية,علامة مباشرة,ظاهر علنًا,نعم,P1,A,نشط,متوسطة,0,0,بانتظار اكتشاف روابط المنتجات,True
EG-137,DeFacto Egypt,https://www.defacto.com.eg/en-eg,موضة وأحذية,موضة وأحذية,علامة مباشرة/سلسلة,ظاهر علنًا,نعم,P1,A,نشط,متوسطة,0,0,بانتظار اكتشاف روابط المنتجات,True
EG-138,Dejavu,https://dejavu.shoes/,موضة وأحذية,موضة وأحذية,علامة مباشرة/سلسلة,ظاهر علنًا,نعم,P1,A,نشط,متوسطة,0,0,بانتظار اكتشاف روابط المنتجات,True
EG-139,H&M Egypt,https://eg.hm.com/en,موضة وأحذية,موضة وأحذية,علامة مباشرة/سلسلة,ظاهر علنًا,نعم,P1,A,نشط,متوسطة,0,0,بانتظار اكتشاف روابط المنتجات,True
EG-140,LC Waikiki Egypt,https://www.lcwaikiki.eg/en,موضة وأحذية,موضة وأحذية,علامة مباشرة/سلسلة,ظاهر علنًا,نعم,P1,A,نشط,متوسطة,0,0,بانتظار اكتشاف روابط المنتجات,True
EG-141,Mango Egypt,https://shop.mango.com/eg/en,موضة وأحذية,موضة وأحذية,علامة مباشرة/سلسلة,ظاهر علنًا,نعم,P1,A,نشط,متوسطة,0,0,بانتظار اكتشاف روابط المنتجات,True
EG-142,Massimo Dutti Egypt,https://www.massimodutti.com/eg/en,موضة وأحذية,موضة وأحذية,علامة مباشرة/سلسلة,ظاهر علنًا,نعم,P1,A,نشط,متوسطة,0,0,بانتظار اكتشاف روابط المنتجات,True
EG-143,Max Fashion Egypt,https://www.maxfashion.com/eg/en,موضة وأحذية,موضة وأحذية,علامة مباشرة/سلسلة,ظاهر علنًا,نعم,P1,A,نشط,متوسطة,0,0,بانتظار اكتشاف روابط المنتجات,True
EG-144,Mobaco Cottons,https://mobaco.com/,موضة وأحذية,موضة وأحذية,علامة مباشرة/سلسلة,ظاهر علنًا,نعم,P1,A,نشط,متوسطة,0,0,بانتظار اكتشاف روابط المنتجات,True
EG-145,OYSHO Egypt,https://www.oysho.com/eg/en,موضة وأحذية,موضة وأحذية,علامة مباشرة/سلسلة,ظاهر علنًا,نعم,P1,A,نشط,متوسطة,0,0,بانتظار اكتشاف روابط المنتجات,True
EG-146,Pull&Bear Egypt,https://www.pullandbear.com/eg/en,موضة وأحذية,موضة وأحذية,علامة مباشرة/سلسلة,ظاهر علنًا,نعم,P1,A,نشط,متوسطة,0,0,بانتظار اكتشاف روابط المنتجات,True
EG-147,Ravin,https://shop.iravin.com/,موضة وأحذية,موضة وأحذية,علامة مباشرة/سلسلة,ظاهر علنًا,نعم,P1,A,نشط,متوسطة,0,0,بانتظار اكتشاف روابط المنتجات,True
EG-148,Stradivarius Egypt,https://www.stradivarius.com/eg,موضة وأحذية,موضة وأحذية,علامة مباشرة/سلسلة,ظاهر علنًا,نعم,P1,A,نشط,متوسطة,0,0,بانتظار اكتشاف روابط المنتجات,True
EG-149,Town Team,https://townteam.com/,موضة وأحذية,موضة وأحذية,علامة مباشرة/سلسلة,ظاهر علنًا,نعم,P1,A,نشط,متوسطة,0,0,بانتظار اكتشاف روابط المنتجات,True
EG-150,Zara Egypt,https://www.zara.com/eg/en,موضة وأحذية,موضة وأحذية,علامة مباشرة/سلسلة,ظاهر علنًا,نعم,P1,A,نشط,متوسطة,0,0,بانتظار اكتشاف روابط المنتجات,True
EG-151,Distingo Music Stores,https://distingomusicstores.com/,الآلات الموسيقية,الآلات الموسيقية,سلسلة متخصصة,ظاهر/جزئي,نعم/جزئي,P2,B,نشط,مرتفعة,0,0,بانتظار اكتشاف روابط المنتجات,True
EG-152,CHIC HOMZ,https://chichomz.com/,الأثاث والمنزل,الأثاث والمنزل,متجر متخصص,ظاهر علنًا,نعم,P2,A,نشط,متوسطة,0,0,بانتظار اكتشاف روابط المنتجات,True
EG-153,Efreshli,https://efreshli.com/,الأثاث والمنزل,الأثاث والمنزل,سوق تصميم ومتجر,ظاهر/جزئي,نعم,P2,B,نشط,متوسطة,0,0,بانتظار اكتشاف روابط المنتجات,True
EG-154,ElMalek Furniture,https://elmalek.com.eg/,الأثاث والمنزل,الأثاث والمنزل,متجر متخصص,كتالوج/سعر غير مكتمل التحقق,نعم/جزئي,P2,B,نشط,مرتفعة,0,0,بانتظار اكتشاف روابط المنتجات,True
EG-155,IN-HOUSE Furniture,https://inhouse.furniture/,الأثاث والمنزل,الأثاث والمنزل,سلسلة متخصصة,كتالوج/سعر غير مكتمل التحقق,نعم,P2,B,نشط,متوسطة,0,0,بانتظار اكتشاف روابط المنتجات,True
EG-156,Inhabit Furniture,https://www.inhabiteg.com/,الأثاث والمنزل,الأثاث والمنزل,علامة مباشرة,كتالوج/سعر غير مكتمل التحقق,نعم/جزئي,P2,B,نشط,مرتفعة,0,0,بانتظار اكتشاف روابط المنتجات,True
EG-157,Tavolo Furniture,https://tavolofurniture.com/,الأثاث والمنزل,الأثاث والمنزل,علامة مباشرة,ظاهر علنًا,نعم,P2,A,نشط,متوسطة,0,0,بانتظار اكتشاف روابط المنتجات,True
EG-158,Wasilaah,https://www.wasilaah.com/,الأثاث والمنزل,الأثاث والمنزل,متجر متخصص,ظاهر علنًا,نعم,P2,A,نشط,متوسطة,0,0,بانتظار اكتشاف روابط المنتجات,True
EG-159,Al Riyada Store,https://alreyadastore.com/en,الأجهزة المنزلية,الأجهزة المنزلية,متجر متخصص,ظاهر علنًا,نعم,P2,A,نشط,متوسطة,0,0,بانتظار اكتشاف روابط المنتجات,True
EG-160,Amara Online Store,https://amaraonlinestore.com/?lang=en,الأجهزة المنزلية,الأجهزة المنزلية,متجر متخصص,ظاهر علنًا,نعم,P2,A,نشط,متوسطة,0,0,بانتظار اكتشاف روابط المنتجات,True
EG-161,Ariston Egypt Appliances,https://www.aristonchannel.com/eg-en,الأجهزة المنزلية,الأجهزة المنزلية,كتالوج علامة مباشرة,كتالوج فقط,لا,P2,C,نشط/كتالوج فقط,مرتفعة,0,0,بانتظار اكتشاف روابط المنتجات,False
EG-162,Azmy Co,https://azmyco.com/home?change_lang=2,الأجهزة المنزلية,الأجهزة المنزلية,سلسلة متخصصة,ظاهر علنًا,نعم,P2,A,نشط,متوسطة,0,0,بانتظار اكتشاف روابط المنتجات,True
EG-163,Beko Egypt,https://www.beko.com/eg-en,الأجهزة المنزلية,الأجهزة المنزلية,كتالوج علامة مباشرة,كتالوج فقط,لا,P2,C,نشط/كتالوج فقط,مرتفعة,0,0,بانتظار اكتشاف روابط المنتجات,False
EG-164,ELBEHERY STORES,https://elbeherystores.co/,الأجهزة المنزلية,الأجهزة المنزلية,متجر متخصص,ظاهر علنًا,نعم,P2,A,نشط,متوسطة,0,0,بانتظار اكتشاف روابط المنتجات,True
EG-165,Haier Egypt,https://www.haier.com/eg,الأجهزة المنزلية,الأجهزة المنزلية,كتالوج علامة مباشرة,كتالوج فقط,لا,P2,C,نشط/كتالوج فقط,مرتفعة,0,0,بانتظار اكتشاف روابط المنتجات,False
EG-166,Kaufen Egypt,https://kaufenegypt.com/,الأجهزة المنزلية,الأجهزة المنزلية,متجر متخصص,ظاهر علنًا,نعم,P2,A,نشط,متوسطة,0,0,بانتظار اكتشاف روابط المنتجات,True
EG-167,Moulinex Egypt,https://www.moulinex.com.eg/,الأجهزة المنزلية,الأجهزة المنزلية,كتالوج علامة مباشرة,كتالوج فقط,لا,P2,C,نشط/كتالوج فقط,مرتفعة,0,0,بانتظار اكتشاف روابط المنتجات,False
EG-168,Tefal Egypt,https://www.tefal.com.eg/,الأجهزة المنزلية,الأجهزة المنزلية,كتالوج علامة مباشرة,كتالوج فقط,لا,P2,C,نشط/كتالوج فقط,مرتفعة,0,0,بانتظار اكتشاف روابط المنتجات,False
EG-169,Universal Group,https://www.universalgroup.org/,الأجهزة المنزلية,الأجهزة المنزلية,كتالوج علامة مباشرة,كتالوج فقط,لا,P2,C,نشط/كتالوج فقط,مرتفعة,0,0,بانتظار اكتشاف روابط المنتجات,False
EG-170,Dubizzle Egypt,https://www.dubizzle.com.eg/en,الإعلانات المبوبة والمستعمل,الإعلانات المبوبة والمستعمل,منصة C2C وإعلانات,ظاهر حسب الإعلان,تواصل مع البائع,P2,A,نشط,مرتفعة,0,0,بانتظار اكتشاف روابط المنتجات,True
EG-171,OpenSooq Egypt,https://eg.opensooq.com/en,الإعلانات المبوبة والمستعمل,الإعلانات المبوبة والمستعمل,منصة C2C وإعلانات,ظاهر حسب الإعلان,تواصل مع البائع,P2,A,نشط,مرتفعة,0,0,بانتظار اكتشاف روابط المنتجات,True
EG-172,Hobby Corner Egypt,https://www.hobbycorneregypt.com/,الألعاب والهوايات,الألعاب والهوايات,متجر متخصص,كتالوج/سعر غير مكتمل التحقق,نعم/جزئي,P2,B,نشط,مرتفعة,29,29,مربوط بمنتجات,True
EG-173,Arion Egypt,https://buyarion.com/eg,الإلكترونيات والأجهزة,الإلكترونيات والأجهزة,علامة مباشرة,ظاهر علنًا,نعم,P2,A,نشط,متوسطة,0,0,بانتظار اكتشاف روابط المنتجات,True
EG-174,Philips Egypt,https://www.philips.com.eg/,الإلكترونيات والأجهزة,الإلكترونيات والأجهزة,كتالوج علامة مباشرة,كتالوج فقط,لا,P2,C,نشط/كتالوج فقط,مرتفعة,0,0,بانتظار اكتشاف روابط المنتجات,False
EG-175,Kazyon,https://www.facebook.com/kazyonegypt,البقالة والهايبرماركت,البقالة والهايبرماركت,سلسلة خصومات / هايبرماركت/سلسلة,كتالوج فقط,غير واضح,P2,C,نشط,مرتفعة,0,0,بانتظار اكتشاف روابط المنتجات,True
EG-176,Jazeera Paints Egypt,https://jazeerapaints.com/eg_en,التشطيب ومواد البناء,التشطيب ومواد البناء,علامة مباشرة/تطبيق,تطبيق/سعر غير ظاهر بالكامل على الويب,عبر التطبيق/جزئي,P2,B,نشط,مرتفعة,0,0,بانتظار اكتشاف روابط المنتجات,True
EG-177,Khamato,https://khamato.com/?locale=en,التشطيب ومواد البناء,التشطيب ومواد البناء,متجر متخصص,ظاهر/جزئي,نعم,P2,B,نشط,متوسطة,0,0,بانتظار اكتشاف روابط المنتجات,True
EG-178,Avon Egypt,https://www.avon.com.eg/eg-home,الجمال والعناية,الجمال والعناية,علامة مباشرة/بيع شبكي,كتالوج فقط,نعم,P2,C,نشط,مرتفعة,0,0,بانتظار اكتشاف روابط المنتجات,True
EG-179,Braes,https://braes.co/,الجمال والعناية,الجمال والعناية,علامة مباشرة,ظاهر علنًا,نعم,P2,A,نشط,متوسطة,0,0,بانتظار اكتشاف روابط المنتجات,True
EG-180,Oriflame Egypt,https://eg.oriflame.com/,الجمال والعناية,الجمال والعناية,علامة مباشرة/بيع شبكي,يتطلب موقعًا/دخولًا,عبر عضو/حساب,P2,C,نشط,مرتفعة,0,0,بانتظار اكتشاف روابط المنتجات,True
EG-181,Amin Pet Shop,https://aminpetshop.com/,الحيوانات الأليفة,الحيوانات الأليفة,متجر متخصص,ظاهر علنًا,نعم,P2,A,نشط,متوسطة,0,0,بانتظار اكتشاف روابط المنتجات,True
EG-182,Fish Square,https://fish-square.com/,الحيوانات الأليفة,الحيوانات الأليفة,متجر متخصص,ظاهر علنًا,نعم,P2,A,نشط,متوسطة,0,0,بانتظار اكتشاف روابط المنتجات,True
EG-183,Happet,https://happet.net/en,الحيوانات الأليفة,الحيوانات الأليفة,متجر متخصص,ظاهر علنًا,نعم,P2,A,نشط,متوسطة,0,0,بانتظار اكتشاف روابط المنتجات,True
EG-184,OurPetZone,https://ourpetzone.com/,الحيوانات الأليفة,الحيوانات الأليفة,متجر متخصص,ظاهر علنًا,نعم,P2,A,نشط,متوسطة,0,0,بانتظار اكتشاف روابط المنتجات,True
EG-185,Petfast,https://petfast.shop/,الحيوانات الأليفة,الحيوانات الأليفة,متجر متخصص,ظاهر/جزئي,نعم,P2,B,نشط,متوسطة,0,0,بانتظار اكتشاف روابط المنتجات,True
EG-186,Pets Home,https://petshome.com.eg/,الحيوانات الأليفة,الحيوانات الأليفة,متجر متخصص,ظاهر علنًا,نعم,P2,A,نشط,متوسطة,0,0,بانتظار اكتشاف روابط المنتجات,True
EG-187,Pets Land Egypt,https://petsland-egy.com/,الحيوانات الأليفة,الحيوانات الأليفة,متجر متخصص,ظاهر علنًا,نعم,P2,A,نشط,متوسطة,0,0,بانتظار اكتشاف روابط المنتجات,True
EG-188,Petszone Egypt,https://petszone-eg.com/,الحيوانات الأليفة,الحيوانات الأليفة,متجر متخصص,ظاهر علنًا,نعم,P2,A,نشط,متوسطة,0,0,بانتظار اكتشاف روابط المنتجات,True
EG-189,PetYard Stores,https://petyardstores.com/,الحيوانات الأليفة,الحيوانات الأليفة,متجر يقوده التطبيق,أسعار داخل التطبيق,عبر التطبيق,P2,B,نشط,مرتفعة,0,0,بانتظار اكتشاف روابط المنتجات,True
EG-190,RusPuppy Egypt,https://ruspuppy-egy.com/,الحيوانات الأليفة,الحيوانات الأليفة,متجر متخصص,ظاهر علنًا,نعم,P2,A,نشط,متوسطة,0,0,بانتظار اكتشاف روابط المنتجات,True
EG-191,Varmacy,https://www.varmacy.net/,الحيوانات الأليفة,الحيوانات الأليفة,صيدلية/متجر متخصص,ظاهر علنًا,نعم,P2,A,نشط,متوسطة,0,0,بانتظار اكتشاف روابط المنتجات,True
EG-192,Whiskers,https://whiskers.shop/,الحيوانات الأليفة,الحيوانات الأليفة,متجر متخصص,ظاهر علنًا,نعم,P2,A,نشط,متوسطة,0,0,بانتظار اكتشاف روابط المنتجات,True
EG-193,Zima Pets Center,https://zimapets.com/,الحيوانات الأليفة,الحيوانات الأليفة,متجر متخصص,ظاهر علنًا,نعم,P2,A,نشط,متوسطة,0,0,بانتظار اكتشاف روابط المنتجات,True
EG-194,SevenGear,https://sevengear.net/,الدراجات والرياضة,الدراجات والرياضة,متجر متخصص,ظاهر علنًا,نعم,P2,A,نشط,متوسطة,0,0,بانتظار اكتشاف روابط المنتجات,True
EG-195,AutoCycle,https://www.autocycle.com.eg/,السيارات وقطع الغيار,السيارات وقطع الغيار,سوق إلكتروني متخصص,ظاهر علنًا,نعم,P2,A,نشط,متوسطة,0,0,بانتظار اكتشاف روابط المنتجات,True
EG-196,Bans Auto Store,https://bansautostore.com/,السيارات وقطع الغيار,السيارات وقطع الغيار,متجر متخصص,ظاهر علنًا,نعم,P2,A,نشط,متوسطة,0,0,بانتظار اكتشاف روابط المنتجات,True
EG-197,Make Over Egypt,https://www.makeovereg.com/,السيارات وقطع الغيار,السيارات وقطع الغيار,متجر متخصص,ظاهر علنًا,نعم,P2,A,نشط,متوسطة,0,0,بانتظار اكتشاف روابط المنتجات,True
EG-198,Sa3dawy Store,https://sa3dawystore.com/,السيارات وقطع الغيار,السيارات وقطع الغيار,متجر متخصص,ظاهر علنًا,نعم,P2,A,نشط,متوسطة,0,0,بانتظار اكتشاف روابط المنتجات,True
EG-199,Al-Balsam Bookstore,https://global.al-balsam.com/,الكتب والقرطاسية,الكتب والقرطاسية,ناشر/متجر متخصص,ظاهر علنًا,نعم,P2,A,نشط,متوسطة,0,0,بانتظار اكتشاف روابط المنتجات,True
EG-200,Bayan eShop,https://bayan-eshop.com/,الكتب والقرطاسية,الكتب والقرطاسية,متجر متخصص,ظاهر علنًا,نعم,P2,A,نشط,متوسطة,0,0,بانتظار اكتشاف روابط المنتجات,True
EG-201,Bibliothek,https://bibliothek-eg.com/,الكتب والقرطاسية,الكتب والقرطاسية,متجر متخصص,ظاهر علنًا,نعم,P2,A,نشط,متوسطة,0,0,بانتظار اكتشاف روابط المنتجات,True
EG-202,BookBuzz,https://bookbuzz.store/,الكتب والقرطاسية,الكتب والقرطاسية,متجر متخصص,ظاهر علنًا,نعم,P2,A,نشط,متوسطة,0,0,بانتظار اكتشاف روابط المنتجات,True
EG-203,Bookworm Egypt,https://www.bookwormegy.com/,الكتب والقرطاسية,الكتب والقرطاسية,متجر متخصص,ظاهر علنًا,نعم,P2,A,نشط,متوسطة,0,0,بانتظار اكتشاف روابط المنتجات,True
EG-204,BZOOR,https://bzoorstore.com/,الكتب والقرطاسية,الكتب والقرطاسية,متجر متخصص,ظاهر علنًا,نعم,P2,A,نشط,متوسطة,0,0,بانتظار اكتشاف روابط المنتجات,True
EG-205,El Sheemy Art Shop,https://elsheemy-artshop.com/,الكتب والقرطاسية,الكتب والقرطاسية,متجر متخصص,كتالوج/سعر غير مكتمل التحقق,نعم/جزئي,P2,B,نشط,مرتفعة,0,0,بانتظار اكتشاف روابط المنتجات,True
EG-206,Kalimat Store,https://www.kalimatstore.com/,الكتب والقرطاسية,الكتب والقرطاسية,متجر متخصص,ظاهر علنًا,نعم,P2,A,نشط,متوسطة,0,0,بانتظار اكتشاف روابط المنتجات,True
EG-207,Kassem Store,https://kassemstore.com/,الكتب والقرطاسية,الكتب والقرطاسية,متجر متخصص,ظاهر علنًا,نعم,P2,A,نشط,متوسطة,0,0,بانتظار اكتشاف روابط المنتجات,True
EG-208,Kotobna,https://kotobna.net/en/printed/20,الكتب والقرطاسية,الكتب والقرطاسية,منصة نشر ومتجر,ظاهر علنًا,نعم,P2,A,نشط,متوسطة,0,0,بانتظار اكتشاف روابط المنتجات,True
EG-209,POP ART Egypt,https://popartegypt.com/,الكتب والقرطاسية,الكتب والقرطاسية,متجر متخصص,ظاهر علنًا,نعم,P2,A,نشط,متوسطة,0,0,بانتظار اكتشاف روابط المنتجات,True
EG-210,Azza Fahmy Jewellery Egypt,https://eg.azzafahmy.com/,المجوهرات والساعات,المجوهرات والساعات,علامة مباشرة/سلسلة,ظاهر علنًا,نعم,P2,A,نشط,متوسطة,0,0,بانتظار اكتشاف روابط المنتجات,True
EG-211,i-Watch,https://www.iwatchstores.com/,المجوهرات والساعات,المجوهرات والساعات,سلسلة متخصصة,ظاهر؛ قد يتغير حسب إعداد العملة,نعم,P2,B,نشط,متوسطة,0,0,بانتظار اكتشاف روابط المنتجات,True
EG-212,L'azurde Egypt,https://www.lazurde.com/en-eg,المجوهرات والساعات,المجوهرات والساعات,علامة مباشرة/سلسلة,ظاهر علنًا,نعم,P2,A,نشط,متوسطة,0,0,بانتظار اكتشاف روابط المنتجات,True
EG-213,MAGRABi Egypt,https://www.magrabi.com/eg-en,النظارات والبصريات,النظارات والبصريات,سلسلة متخصصة,ظاهر/جزئي,نعم,P2,A,نشط,متوسطة,0,0,بانتظار اكتشاف روابط المنتجات,True
EG-214,Floward Egypt,https://floward.com/en-eg/cairo,الهدايا والزهور,الهدايا والزهور,متجر إلكتروني/توصيل,ظاهر بعد اختيار المدينة,نعم,P2,A,نشط,مرتفعة,0,0,بانتظار اكتشاف روابط المنتجات,True
EG-215,Safktna,https://www.safktna.com/en,سوق إلكتروني عام,سوق إلكتروني عام,متجر/سوق إلكتروني,ظاهر علنًا,نعم,P2,A,نشط,متوسطة,0,0,بانتظار اكتشاف روابط المنتجات,True
EG-216,Alwan Stationery,https://alwan.com.eg/,الكتب والقرطاسية,الكتب والقرطاسية,سلسلة متخصصة,غير ظاهر/غير مؤكد,غير مؤكد,مراقبة,B,نشط,مرتفعة,0,0,بانتظار اكتشاف روابط المنتجات,True
